Source,Target
0,667
0,1637
1,562
1,1257
1,1369
2,35
2,44
2,156
2,159
2,492
2,1230
3,299
3,669
3,1066
4,89
4,100
4,410
4,441
5,18
5,80
5,984
6,75
6,909
6,1062
6,1379
7,18
7,230
7,316
7,331
8,16
8,546
8,680
8,1037
8,1490
9,273
9,488
10,7
10,518
10,608
11,115
11,1356
12,1261
12,1680
12,1781
13,244
13,747
13,1117
13,1332
14,1753
15,185
15,194
15,310
15,371
15,436
15,747
16,37
16,38
16,484
16,753
16,952
16,1486
16,1490
16,1669
17,543
17,915
17,922
17,1476
17,1678
17,1737
18,7
18,81
18,178
19,1114
20,375
20,410
20,908
20,1063
20,1079
21,33
21,112
21,156
21,159
21,331
21,497
21,702
21,1428
21,1508
21,1924
22,1546
23,336
23,902
23,1019
24,26
24,88
24,174
24,703
24,865
24,1001
24,1924
25,181
25,200
25,466
25,520
25,664
25,937
25,949
25,1039
25,1060
25,1268
26,84
26,88
26,95
27,245
28,96
28,469
29,248
29,331
29,338
29,368
29,1111
29,1727
30,608
31,729
31,996
31,1244
32,1130
32,1453
33,50
33,64
33,69
33,156
33,1111
34,819
34,1790
35,96
35,298
35,336
35,1916
36,67
36,174
36,368
36,909
36,1235
37,16
37,351
37,518
37,591
37,757
37,1934
38,351
38,447
38,613
38,1667
38,1752
39,1357
40,720
40,1080
41,179
42,861
42,1278
43,342
43,721
43,1668
44,86
44,104
44,112
44,159
44,225
44,248
44,331
44,529
44,1916
45,113
46,55
47,310
47,1798
48,697
48,758
48,1042
48,1075
48,1480
48,1781
49,64
49,104
49,638
49,1111
49,1720
50,24
50,26
50,33
50,151
50,225
50,497
50,529
50,1561
51,196
51,217
51,535
51,1010
51,1238
51,1269
51,1952
52,591
52,727
53,470
53,490
54,519
54,1159
55,385
56,97
56,714
57,91
57,194
58,441
58,701
58,717
59,339
59,585
59,1089
59,1130
60,1899
61,63
61,153
62,169
62,517
62,574
62,811
62,1162
62,1392
63,61
63,1787
64,35
64,304
64,716
64,767
64,1733
65,360
65,653
65,1186
66,461
66,467
66,1083
67,368
67,441
68,224
68,1601
69,33
69,151
69,159
69,330
69,352
69,638
70,233
71,215
71,501
71,974
72,53
72,76
73,737
73,896
73,1014
73,1123
73,1384
73,1533
74,746
75,6
75,95
76,20
76,72
76,450
77,965
78,24
78,69
78,137
78,152
78,174
78,1001
79,1538
80,18
80,357
81,5
81,155
82,73
82,214
82,289
82,303
82,319
82,423
82,777
82,779
82,783
82,784
82,841
82,1380
82,1521
83,88
83,761
84,35
84,36
84,174
84,213
84,385
85,192
85,600
85,866
85,1935
86,35
86,36
86,44
86,96
86,168
86,298
86,1359
86,1396
87,159
87,321
87,336
87,368
88,26
88,36
88,159
88,458
88,645
88,676
88,764
88,1005
89,78
89,159
89,664
90,825
91,585
91,768
91,952
91,1745
92,192
92,367
92,600
92,800
92,899
93,205
93,227
93,520
93,524
93,682
93,940
93,1030
93,1039
93,1314
94,567
95,36
95,88
95,458
95,483
96,67
96,321
96,431
96,432
96,707
97,436
97,442
98,194
98,212
98,729
99,841
99,852
99,994
99,1816
100,1841
101,628
101,1261
101,1380
101,1521
102,61
102,1918
103,97
103,442
103,1469
104,34
104,44
104,111
104,368
104,813
104,1235
104,1420
104,1603
105,218
105,335
106,250
106,810
106,1167
107,601
108,227
108,907
108,996
108,1572
108,1665
109,75
109,82
109,614
109,678
109,779
109,1480
110,829
111,95
111,150
111,1183
112,159
112,209
112,298
112,510
113,472
113,473
113,582
113,1468
114,154
115,1590
116,550
116,1617
117,1311
118,627
118,1294
118,1302
119,401
119,639
119,871
119,1167
119,1179
119,1685
120,595
120,1738
121,362
121,1009
121,1053
122,1399
123,284
124,622
124,1305
124,1642
125,20
125,554
125,738
126,157
126,334
126,1165
127,1486
128,553
128,610
128,912
128,917
128,1651
128,1704
128,1932
129,93
129,305
129,582
129,1308
129,1310
129,1356
129,1413
130,183
131,307
131,345
131,369
132,767
133,202
133,405
133,712
134,468
134,551
134,786
134,1380
134,1521
135,246
136,73
136,82
136,273
136,614
136,779
136,1156
137,78
137,724
137,1562
137,1860
138,496
139,383
139,386
139,421
139,861
139,1127
139,1674
139,1886
139,1895
140,17
140,78
140,159
140,433
141,64
141,529
141,1111
141,1489
142,247
143,747
143,1117
143,1521
143,1610
143,1724
144,33
144,44
144,86
144,336
144,439
144,529
145,640
145,784
145,1117
145,1380
145,1432
146,620
146,756
146,871
146,1029
146,1847
147,163
147,508
148,904
149,116
149,972
149,1642
150,555
150,587
150,671
151,24
151,26
151,50
151,69
151,84
152,98
152,509
152,634
152,934
152,1260
152,1568
153,61
153,137
153,536
154,325
154,882
155,80
155,81
155,1016
156,33
156,112
156,159
156,225
156,632
156,701
156,702
156,1265
156,1725
157,214
158,907
158,1116
158,1482
159,21
159,87
159,88
159,89
159,156
159,439
159,902
159,1559
160,180
160,224
160,1611
161,843
161,1218
162,281
162,322
162,628
162,661
162,1521
163,733
164,51
164,192
164,196
164,217
164,535
164,554
164,723
164,1269
164,1750
165,781
165,1791
165,1850
165,1887
166,527
167,434
168,31
168,78
169,354
169,486
169,517
169,1831
170,1862
171,246
171,391
171,829
172,974
172,1590
173,1240
174,21
174,24
174,88
174,331
174,701
174,1001
174,1219
174,1666
175,26
175,1420
176,302
177,716
178,131
178,470
178,1165
179,41
180,390
180,1249
181,93
181,200
181,205
181,485
181,732
181,921
181,1060
181,1127
181,1256
181,1859
182,911
182,1011
182,1070
182,1683
183,77
183,130
183,309
184,54
184,558
184,912
184,1159
184,1336
184,1895
185,15
186,706
187,1055
188,470
188,490
189,839
189,1341
190,277
191,715
192,40
192,85
192,465
192,554
192,1010
192,1080
193,1586
194,98
194,232
194,242
195,348
195,393
195,918
195,1730
196,410
196,666
196,866
196,899
197,60
198,761
199,487
200,25
200,1140
200,1429
200,1468
201,700
202,465
202,518
202,672
202,748
202,827
202,1080
202,1271
202,1294
203,197
203,1101
204,820
204,1685
204,1709
204,1748
205,93
205,421
205,540
205,657
205,921
205,1074
205,1746
206,155
206,1219
207,240
207,473
207,489
207,742
207,757
208,278
208,291
208,1039
208,1071
209,695
210,178
210,258
210,490
211,787
211,920
211,1359
212,67
212,844
212,895
213,248
213,362
214,677
214,759
214,1250
214,1478
215,501
215,581
215,847
215,1077
216,38
216,199
216,447
217,196
217,556
217,712
217,799
217,899
217,1010
218,0
219,426
220,174
220,291
221,8
221,358
222,321
222,580
223,523
223,1344
224,68
224,310
224,577
224,918
224,934
224,1194
225,24
225,33
225,35
225,64
225,95
225,159
225,336
225,528
225,761
225,1235
225,1344
226,162
226,1160
226,1461
227,93
227,289
227,444
227,472
227,1298
227,1717
228,369
229,119
229,146
229,1217
229,1474
230,7
230,852
230,1014
231,339
231,882
231,941
231,1181
231,1629
232,194
232,741
233,82
233,392
233,449
233,742
233,756
233,996
233,1326
233,1426
233,1480
233,1490
233,1552
234,440
234,1664
235,637
235,915
235,920
235,922
235,1554
235,1718
235,1737
236,485
236,719
236,911
236,912
236,1030
236,1040
236,1060
236,1061
236,1070
236,1859
237,564
237,667
237,956
237,1048
237,1094
238,600
238,1528
238,1884
239,551
239,745
239,1075
239,1178
239,1197
239,1241
239,1429
240,37
240,207
240,231
240,585
240,627
241,93
241,108
241,227
241,905
241,1313
241,1932
242,57
242,759
242,1338
242,1740
242,1846
242,1912
243,86
244,13
244,783
244,1633
244,1642
245,27
246,38
246,171
246,1725
247,54
247,123
247,142
248,44
248,104
248,140
248,225
248,336
248,352
248,451
248,529
248,764
248,767
248,1344
248,1488
249,501
249,565
249,581
249,1061
249,1127
249,1507
250,106
250,256
250,1373
251,159
251,192
251,506
251,1138
251,1269
251,1846
252,1588
253,427
254,1142
255,1453
255,1757
256,169
256,250
256,567
256,811
256,1174
256,1760
256,1831
257,0
257,478
258,50
258,326
258,470
258,493
258,540
258,664
259,609
260,386
260,643
260,668
260,778
260,1022
260,1118
260,1313
260,1674
261,544
262,1437
263,406
263,866
263,1477
263,1728
264,1143
265,133
265,301
266,610
266,721
267,407
267,510
267,1449
267,1508
268,114
269,112
269,364
269,492
269,1916
270,799
270,1271
270,1395
270,1776
270,1832
271,412
271,606
271,952
272,933
272,1343
272,1703
272,1837
273,779
273,882
273,1211
273,1326
274,558
274,935
274,1295
275,817
275,1595
276,421
276,437
276,898
276,1356
276,1485
277,210
277,763
278,379
278,384
278,520
278,1006
278,1246
278,1247
278,1263
278,1389
278,1661
278,1746
278,1788
278,1924
279,280
279,414
280,1667
281,1279
282,1286
283,375
283,866
283,1654
283,1916
284,14
284,1230
284,1462
285,539
285,1034
286,691
286,1011
286,1834
286,1853
287,607
287,933
287,1223
287,1224
288,291
288,1447
288,1460
289,82
289,129
289,236
289,460
289,691
289,841
289,911
289,921
289,927
289,1054
289,1125
289,1126
289,1127
289,1332
289,1335
289,1413
289,1658
289,1871
290,504
290,976
291,278
291,572
291,682
291,880
291,1071
291,1788
292,40
292,786
292,812
292,1181
292,1667
292,1752
293,122
293,913
294,154
295,194
295,1322
296,356
296,1006
296,1039
297,976
297,1148
297,1228
298,21
298,35
298,112
298,156
298,159
298,225
298,1418
298,1916
299,764
299,1441
300,588
300,613
301,385
301,450
301,688
301,908
301,1009
301,1254
302,176
302,911
302,938
302,1150
302,1160
302,1332
302,1871
303,289
303,747
303,927
303,990
303,1193
303,1332
303,1658
303,1724
304,64
304,1320
305,520
305,746
305,940
305,1262
305,1310
305,1895
306,211
306,1099
307,131
308,93
308,227
308,376
309,183
309,1290
310,15
310,731
310,1212
311,33
311,992
311,1681
312,124
312,725
313,280
314,233
314,456
314,512
314,751
314,944
314,1033
314,1197
314,1245
315,57
315,318
315,491
315,504
316,7
316,803
316,1743
317,1540
318,207
318,315
318,427
319,449
319,491
319,687
319,930
319,994
319,996
319,1241
319,1490
320,278
320,1145
320,1746
320,1751
320,1844
321,21
321,87
321,89
321,159
321,336
321,813
321,1146
321,1344
321,1473
321,1559
322,289
322,1327
322,1461
323,605
323,983
323,1525
324,1765
325,199
325,1105
326,53
326,303
326,784
326,1117
326,1332
326,1763
327,1707
328,65
328,507
328,512
328,990
328,1241
328,1678
329,185
329,224
329,371
329,934
330,69
330,88
330,104
330,492
330,566
330,1488
331,29
331,159
331,225
331,352
331,708
331,1042
331,1235
331,1727
332,86
332,813
332,1410
333,1004
333,1296
334,388
334,518
334,523
334,592
334,748
334,757
334,829
335,105
335,320
335,1656
336,21
336,24
336,35
336,112
336,159
336,225
336,248
336,703
337,323
337,523
337,578
337,758
337,1056
338,248
338,417
338,566
338,900
338,1727
339,91
339,596
339,768
339,1414
339,1462
339,1903
340,953
340,1441
340,1915
341,1117
341,1251
341,1850
342,1035
342,1942
343,1054
344,152
344,1187
344,1606
345,106
345,1331
346,509
346,634
346,669
346,1351
346,1556
346,1568
347,124
347,1087
348,32
349,564
350,617
351,591
351,596
351,768
351,864
351,1018
351,1130
351,1745
351,1749
352,36
352,330
352,331
352,708
352,895
352,1420
352,1727
353,246
353,854
354,21
354,1142
354,1147
355,755
355,922
355,925
355,1131
355,1470
355,1499
355,1554
355,1703
356,208
356,502
356,520
356,1039
356,1256
357,614
357,886
358,147
358,530
358,652
358,749
358,825
358,1887
359,296
360,1690
360,1705
361,1582
361,1704
361,1913
362,671
362,731
362,1844
363,529
363,1042
364,31
364,112
364,689
365,1645
366,136
367,251
367,465
367,706
367,743
367,754
367,814
367,827
367,866
368,29
368,36
368,67
368,225
368,298
368,645
368,813
368,1488
368,1727
368,1916
369,470
369,1040
369,1409
369,1451
370,731
370,755
370,1163
371,163
371,666
371,733
372,104
372,222
372,1394
373,43
373,691
373,746
373,1877
374,276
374,386
374,553
374,940
374,1074
374,1253
374,1485
374,1735
374,1913
375,164
375,202
375,410
375,600
375,814
375,1010
375,1269
375,1271
376,66
376,308
376,984
376,1406
377,971
377,1551
377,1721
378,564
378,1100
379,278
379,289
379,520
379,524
379,583
379,747
379,749
379,846
379,1131
379,1415
379,1554
380,69
380,311
380,1205
380,1219
381,470
381,634
381,669
382,377
382,562
382,924
382,976
382,1541
382,1545
383,139
383,184
383,526
383,608
383,1253
383,1426
384,291
384,296
384,1060
384,1146
384,1599
384,1727
385,301
385,528
385,645
385,1005
385,1417
385,1666
386,429
386,643
386,912
386,933
386,1022
386,1118
386,1336
386,1409
386,1485
386,1537
386,1659
386,1735
386,1895
387,372
387,578
387,671
388,413
388,1041
388,1066
389,755
389,925
389,1364
389,1544
389,1697
389,1718
389,1786
389,1854
390,180
391,171
391,614
391,1141
392,485
392,589
392,719
392,1295
393,56
393,514
393,918
393,994
393,1353
393,1370
393,1403
393,1795
394,304
394,1545
395,616
395,1398
396,1525
397,229
397,620
398,674
398,879
398,913
398,989
398,1052
398,1513
398,1792
398,1925
399,979
399,990
400,730
400,1516
400,1539
401,229
401,757
401,958
401,1220
402,76
402,1455
403,618
403,1219
404,401
404,639
404,1045
405,133
405,1157
406,263
406,367
406,644
406,1559
406,1916
407,168
407,323
407,510
407,545
407,1477
408,523
408,592
408,1066
409,512
409,728
409,1846
410,52
410,196
410,217
410,375
410,535
410,688
410,814
410,1063
411,578
412,271
412,1017
412,1143
412,1261
413,916
413,1041
413,1722
414,279
414,280
414,599
414,1842
415,708
415,1222
416,278
416,355
416,668
416,1554
417,375
417,405
417,764
417,1584
418,677
418,874
418,1007
418,1082
418,1250
418,1304
419,455
419,1186
419,1476
419,1779
420,924
420,1474
420,1742
420,1743
420,1845
420,1889
421,113
421,227
421,276
421,1310
421,1429
421,1704
421,1913
422,379
422,540
422,682
422,878
422,938
422,1060
422,1599
422,1746
423,82
423,233
423,273
423,1480
423,1490
423,1493
423,1698
424,25
424,374
424,386
424,466
424,1022
424,1292
424,1313
424,1346
424,1426
424,1674
425,749
425,1266
425,1676
426,675
426,1309
427,239
427,318
428,849
429,691
429,1127
429,1164
429,1612
430,99
430,749
430,922
430,994
430,1470
431,400
431,1267
432,439
432,552
432,1828
433,49
433,385
433,638
433,1019
433,1382
433,1488
434,693
434,1008
434,1952
435,1799
436,1008
436,1822
436,1897
437,181
437,278
437,1071
437,1389
437,1554
437,1808
438,733
438,1221
439,44
439,159
439,248
439,298
439,336
439,767
439,1079
440,588
440,662
441,67
441,144
441,212
442,727
442,1797
443,690
443,909
444,604
444,643
444,1070
444,1314
444,1356
444,1502
444,1503
444,1859
445,1766
446,487
446,1263
447,216
447,591
447,596
447,753
447,1749
447,1795
447,1846
448,545
448,663
448,1182
449,239
449,742
449,831
449,1656
449,1758
450,20
450,50
450,174
450,338
450,1001
450,1111
451,1079
451,1128
451,1427
452,275
452,1360
452,1943
453,1610
454,1338
454,1852
455,1188
456,990
456,1300
456,1446
456,1848
457,1213
457,1407
458,69
458,338
458,380
458,938
458,1258
458,1423
459,1109
460,1117
460,1443
460,1523
460,1610
461,142
461,247
462,312
462,1383
463,379
463,416
463,1554
464,573
464,673
464,1722
465,202
465,554
465,600
465,807
465,899
465,1271
466,25
466,116
466,286
466,386
466,643
466,933
466,1057
466,1237
466,1346
466,1478
467,247
468,34
468,319
468,1139
468,1501
468,1595
468,1785
469,318
469,955
469,1462
470,53
470,258
470,369
470,381
471,697
472,93
472,493
472,911
472,1030
472,1061
472,1102
472,1399
472,1413
472,1509
472,1533
472,1872
473,200
473,233
473,276
473,421
473,860
473,1061
473,1429
473,1485
474,738
474,1952
475,79
476,851
476,972
476,1055
477,845
477,1818
477,1911
477,1933
478,760
478,1637
479,1033
479,1189
479,1676
479,1943
480,540
480,969
480,1503
480,1520
480,1859
480,1877
480,1929
481,263
481,596
481,800
482,165
482,781
483,438
483,458
484,29
484,132
484,351
484,591
484,596
484,753
485,520
485,524
485,687
485,1298
485,1429
485,1774
486,169
486,517
486,567
486,574
486,775
486,1585
487,199
488,237
488,853
489,16
489,444
489,853
489,1514
490,210
490,278
491,504
491,1384
491,1566
492,33
492,330
492,368
492,1941
493,93
493,379
493,422
493,565
493,572
493,589
493,607
493,846
493,869
493,921
493,1060
493,1061
493,1332
493,1527
493,1872
494,605
494,1811
495,838
496,371
496,516
496,1492
497,104
497,354
497,909
497,1235
497,1362
498,1828
499,424
499,520
499,935
499,1253
499,1485
499,1668
499,1715
499,1735
500,187
500,602
501,215
501,949
501,974
501,1275
501,1755
502,356
502,437
502,619
502,1143
503,80
503,656
504,91
504,491
504,729
505,1136
505,1371
506,367
506,554
506,743
506,799
506,1271
507,224
507,512
507,631
507,821
507,918
507,1434
507,1634
508,894
508,1312
509,152
509,262
509,634
509,1556
510,21
510,267
510,1206
510,1508
511,662
511,1493
512,456
512,507
512,774
512,834
513,1083
514,1438
515,608
515,1432
515,1633
516,1445
517,62
517,775
518,202
518,546
518,697
518,748
518,853
518,1533
518,1596
518,1640
518,1667
518,1792
518,1921
519,214
519,1007
519,1883
520,93
520,356
520,485
520,568
520,582
520,587
520,607
520,878
520,1060
520,1071
520,1091
520,1313
520,1314
520,1599
520,1814
520,1859
521,1120
522,14
522,1300
522,1846
523,334
523,337
523,404
523,411
523,578
523,1489
523,1568
524,93
524,472
524,520
524,540
524,1125
524,1262
524,1292
524,1310
524,1413
525,365
525,1442
525,1791
526,547
526,911
526,1256
527,166
527,1278
528,225
528,533
528,1005
529,24
529,29
529,44
529,49
529,701
529,767
529,1344
529,1488
530,1
530,310
530,826
531,684
532,1159
532,1308
532,1356
533,660
533,1785
534,453
534,1461
535,196
535,866
535,1269
535,1372
536,153
536,545
536,644
536,729
537,254
538,1123
538,1129
538,1239
539,285
539,1034
539,1901
540,236
540,287
540,520
540,524
540,682
540,846
540,921
540,933
540,1074
540,1184
540,1256
540,1341
540,1356
540,1661
540,1895
541,595
541,1055
542,1619
543,64
543,195
543,624
543,1283
543,1887
544,433
544,1208
544,1583
545,292
545,323
545,448
545,703
545,1733
546,748
546,1020
546,1804
546,1832
546,1921
547,182
547,526
547,658
547,1256
547,1502
547,1854
548,549
548,1367
548,1517
549,609
549,1517
550,610
550,998
550,1764
551,239
551,759
551,1082
551,1096
551,1197
551,1429
551,1723
552,277
552,685
553,25
553,610
553,1159
553,1537
553,1659
554,51
554,192
554,202
554,735
554,799
554,1010
554,1271
554,1528
554,1884
555,150
556,51
556,799
556,918
556,1023
556,1271
556,1391
556,1750
556,1846
557,426
557,559
558,184
558,587
558,869
558,921
558,940
558,1074
558,1485
558,1913
559,426
559,557
559,1785
560,108
560,464
560,466
560,595
560,604
560,1074
560,1308
560,1478
560,1674
561,334
561,805
561,1108
562,790
562,871
562,1709
563,309
563,1084
563,1645
564,237
564,1100
565,272
565,911
565,912
565,935
565,1636
565,1703
565,1886
565,1913
566,330
566,764
566,767
566,1043
566,1065
566,1420
567,62
567,94
567,1034
567,1162
568,320
568,520
568,1387
569,683
570,279
571,1706
572,278
572,291
572,921
572,933
572,1071
572,1661
573,551
573,1162
574,486
574,1585
574,1801
575,581
575,1613
576,1646
577,224
577,578
577,705
577,1897
577,1928
578,387
578,411
578,523
578,577
578,594
578,852
578,966
578,1036
578,1076
578,1339
578,1556
578,1574
579,1366
580,224
580,747
580,1388
581,937
581,1077
581,1507
582,113
582,129
582,421
582,547
583,308
583,379
583,565
583,1160
583,1332
583,1763
584,1826
585,351
585,388
585,591
585,596
585,753
585,1128
585,1130
586,340
586,875
587,421
587,558
587,652
587,671
587,1592
587,1636
587,1651
587,1886
588,199
588,216
588,325
589,319
589,392
589,969
589,1178
589,1256
589,1429
589,1551
590,1338
590,1642
591,52
591,240
591,447
591,585
591,596
591,864
592,334
592,829
592,1493
592,1685
593,133
593,265
593,832
594,153
594,578
594,804
594,993
595,636
595,931
595,990
595,1112
595,1234
595,1334
595,1600
596,37
596,231
596,339
596,351
596,585
596,591
596,864
596,1669
597,348
597,1887
598,1690
599,231
599,699
599,854
599,1428
599,1578
599,1595
599,1667
599,1723
600,51
600,196
600,217
600,283
600,375
600,535
600,799
600,899
600,1269
601,305
601,610
601,1084
601,1292
601,1388
602,500
602,750
602,1891
603,1008
604,113
604,547
604,589
604,869
604,911
604,1426
604,1429
604,1674
604,1798
604,1858
605,1064
605,1157
606,646
606,1592
607,421
607,520
607,589
607,949
607,1024
607,1704
608,366
608,383
608,526
609,259
609,548
610,184
610,898
610,1356
610,1757
611,1080
612,587
612,1113
613,16
613,300
614,357
614,425
614,692
614,882
614,939
614,1156
615,229
615,810
615,835
615,1833
616,395
616,1338
617,224
617,580
617,925
617,1678
617,1846
618,1464
619,53
619,1341
620,119
620,146
620,229
620,404
620,692
620,1752
621,171
621,654
621,699
621,994
621,1020
621,1464
621,1662
621,1725
621,1833
622,124
622,1087
623,330
623,977
624,60
624,1544
624,1874
625,791
625,1015
626,641
626,829
626,1559
627,246
627,757
627,1108
628,101
628,134
628,231
628,941
628,1081
628,1602
628,1663
628,1667
629,625
629,1246
629,1734
630,261
630,1063
631,834
631,1186
631,1257
631,1675
631,1730
632,50
632,269
632,492
632,578
632,634
632,1492
632,1494
633,75
633,189
633,1486
634,381
634,1198
634,1556
634,1851
635,83
635,458
635,909
635,1324
635,1383
636,595
636,1167
636,1234
636,1334
636,1500
636,1738
637,235
637,755
637,781
637,882
637,1013
637,1141
637,1544
638,69
638,84
638,1000
639,404
639,842
639,1058
639,1459
639,1514
640,149
640,907
640,1888
641,52
641,282
641,1627
642,59
642,952
642,1018
642,1130
643,386
643,466
643,778
643,991
643,1118
643,1346
643,1715
643,1932
644,406
644,407
644,913
644,1026
644,1183
644,1230
644,1607
644,1648
644,1738
645,88
645,1043
645,1056
645,1235
645,1523
646,660
646,1267
646,1592
647,1203
648,245
648,1639
648,1899
649,336
649,703
649,1347
649,1408
649,1449
650,259
650,548
651,646
652,587
652,894
652,1212
652,1446
653,65
653,1189
653,1466
654,621
654,692
654,924
654,1334
654,1496
655,850
656,503
657,278
657,524
657,1256
657,1814
658,430
658,637
658,806
658,914
658,1544
658,1854
659,267
659,873
659,1750
659,1903
660,978
660,1731
661,226
661,244
661,300
661,534
661,747
661,1261
661,1724
662,1766
663,448
663,667
663,768
663,1231
664,89
664,493
664,520
664,1076
664,1359
664,1473
665,1089
666,196
666,820
667,0
667,237
667,680
667,753
667,1094
667,1109
668,547
668,686
668,755
668,940
668,947
668,1118
668,1346
668,1651
668,1674
668,1895
669,509
669,1492
669,1788
670,520
670,1864
670,1895
671,362
671,578
671,1113
671,1394
671,1497
672,202
672,204
672,754
672,1230
672,1640
673,107
673,677
673,797
673,994
673,996
673,1373
674,889
674,913
674,970
674,1627
674,1686
674,1889
675,1006
675,1574
675,1702
676,702
676,1097
677,214
677,673
678,82
678,1352
678,1807
679,904
679,1730
680,8
680,853
680,1048
681,927
681,1160
681,1509
681,1703
682,291
682,296
682,540
682,921
682,933
682,1006
682,1071
682,1127
682,1246
682,1253
682,1485
682,1599
682,1735
683,1668
683,1783
683,1883
684,1112
685,426
685,552
685,559
686,416
686,920
686,1131
686,1538
687,485
687,677
687,874
687,1298
688,125
688,202
688,301
688,1063
688,1671
689,1154
689,1221
690,186
690,301
690,1280
691,139
691,429
691,802
691,911
691,940
692,82
692,109
692,401
692,756
692,1047
692,1056
692,1121
692,1428
693,395
693,434
693,1952
694,758
695,209
696,1152
696,1174
697,471
697,518
697,994
697,1001
697,1123
697,1219
697,1244
697,1423
697,1489
698,1243
699,599
699,621
699,1093
699,1217
699,1226
699,1566
700,1422
701,58
701,529
701,767
701,776
701,997
701,1036
701,1258
701,1408
701,1518
702,21
702,156
702,701
702,1926
703,24
703,510
703,1026
703,1347
703,1750
703,1916
704,561
704,780
704,906
704,1044
704,1083
704,1385
705,577
705,671
705,1779
706,20
706,63
706,186
706,672
706,1640
706,1884
707,144
707,248
707,1191
708,25
708,331
708,352
708,368
708,1071
708,1727
709,608
709,1298
709,1468
709,1612
709,1858
710,1729
710,1850
711,900
711,1280
712,217
712,265
712,283
713,1055
714,56
714,319
714,742
714,1202
714,1379
714,1430
715,191
715,1746
716,33
716,64
716,177
717,99
718,875
718,1441
718,1906
719,227
719,383
719,392
719,493
719,583
719,589
719,927
719,1070
719,1298
719,1426
720,40
720,51
720,92
720,164
720,375
720,410
720,866
720,1138
721,316
721,843
722,119
722,146
722,958
722,1056
723,51
723,217
723,535
723,600
723,743
723,866
723,1010
724,225
724,304
724,331
724,332
724,352
724,895
725,124
725,1297
726,471
726,929
727,442
728,409
728,789
728,1365
729,31
729,504
730,17
730,329
730,496
731,1951
732,25
732,205
732,276
732,520
732,1314
732,1341
732,1560
733,15
734,250
734,1197
734,1567
735,51
735,217
735,270
735,465
735,554
735,691
735,1010
736,85
736,217
736,251
736,600
736,820
736,866
736,1238
737,1827
738,554
738,688
738,711
738,1142
739,558
740,850
740,1375
740,1441
741,442
742,82
742,207
742,951
742,1798
743,164
743,217
743,1010
743,1080
743,1138
743,1238
743,1528
744,215
744,480
745,943
745,958
745,1523
745,1698
746,305
746,1262
746,1565
746,1612
747,580
747,749
747,819
747,927
747,940
747,1304
747,1415
747,1716
747,1724
747,1854
748,37
748,334
748,1185
748,1294
748,1318
748,1741
749,376
749,379
749,1034
749,1166
750,698
750,1722
751,314
751,412
751,625
751,784
751,1521
752,829
752,977
753,16
753,484
753,1270
753,1885
754,672
754,772
754,996
754,1640
754,1641
754,1916
755,463
755,637
755,1232
755,1266
755,1315
755,1554
756,233
756,519
756,615
756,692
756,759
756,803
756,805
756,855
756,1068
756,1545
756,1794
756,1847
757,401
757,561
757,930
757,1047
757,1337
757,1456
757,1514
758,695
758,1009
758,1090
759,756
759,828
759,976
759,1567
759,1840
759,1843
760,489
760,1141
761,83
761,156
761,198
761,225
761,635
761,1111
762,859
762,1186
763,277
764,211
764,306
764,338
764,761
764,1065
764,1420
764,1488
764,1727
765,1368
766,1406
766,1947
767,24
767,29
767,156
767,248
767,529
767,865
767,1488
767,1603
768,339
768,596
768,663
768,1033
768,1270
768,1890
769,1770
770,722
770,1139
770,1545
770,1567
770,1723
771,487
772,267
772,659
772,1559
773,1446
774,157
774,1068
774,1160
775,486
775,517
775,1100
776,1239
776,1598
777,82
777,399
777,522
777,784
777,1054
777,1649
777,1724
777,1780
778,444
778,643
778,969
778,1346
778,1485
778,1674
779,82
779,319
779,882
779,1156
780,12
780,1434
780,1660
781,165
781,284
781,637
781,714
781,925
781,1786
781,1887
782,1028
783,82
783,1054
783,1125
783,1332
783,1380
783,1451
783,1493
783,1510
783,1552
783,1871
784,326
784,522
784,884
784,927
784,990
784,1054
784,1117
784,1304
784,1509
784,1510
784,1610
784,1658
784,1716
785,879
785,970
785,1524
785,1604
786,342
786,740
786,850
786,1261
786,1617
787,86
787,225
787,352
787,433
787,992
787,1019
787,1098
788,1510
788,1729
788,1793
789,176
789,897
790,1056
790,1363
790,1474
790,1602
790,1627
790,1667
790,1752
790,1840
790,1843
791,392
791,444
791,604
791,831
791,1413
792,1951
793,1302
793,1510
793,1780
794,1696
794,1829
795,1527
796,1170
796,1747
797,200
797,673
797,759
797,1038
797,1268
797,1700
798,745
798,1228
798,1425
799,164
799,196
799,217
799,506
799,600
799,1935
800,613
800,1089
800,1712
801,697
801,1244
801,1900
802,139
802,373
802,933
803,316
803,756
803,790
803,1474
804,152
804,387
804,1299
804,1586
805,756
805,810
805,1096
805,1627
806,922
806,1266
806,1366
806,1516
806,1544
807,202
807,465
807,814
807,866
807,1238
807,1559
807,1916
808,1676
809,269
809,1005
809,1260
809,1449
810,692
810,759
810,805
810,1490
810,1567
810,1859
811,62
811,1034
811,1158
811,1803
812,136
812,644
812,853
812,989
812,1121
812,1167
812,1241
812,1293
812,1795
812,1839
813,36
813,104
813,321
813,332
813,645
813,1235
814,367
814,807
814,1063
815,1470
816,1210
816,1706
817,275
817,1052
817,1172
817,1400
817,1414
818,37
819,34
819,82
819,328
819,939
819,1331
819,1610
819,1780
820,666
820,736
820,1280
821,419
821,859
821,1368
822,1593
823,1827
824,1767
825,90
825,542
826,1653
826,1931
827,202
827,204
827,465
827,556
827,723
827,1025
827,1271
827,1654
828,518
828,958
828,976
828,1463
828,1533
829,110
829,408
829,1353
830,948
830,1415
830,1791
831,200
831,449
831,582
831,869
831,1159
831,1292
832,609
833,850
833,1594
834,512
834,631
834,704
834,1193
834,1434
834,1461
834,1491
835,297
835,1031
835,1165
835,1358
835,1838
836,461
836,573
836,1082
837,1128
838,1491
839,322
839,1155
839,1834
840,1484
841,99
841,697
841,896
841,1335
842,171
842,1066
842,1698
843,266
843,721
843,1538
844,306
844,776
844,1062
845,1207
845,1933
846,289
846,502
846,540
846,1060
846,1859
846,1886
847,172
847,501
847,974
847,1077
848,82
848,145
848,747
848,1780
849,224
849,1194
849,1439
849,1887
850,833
850,1169
851,658
851,1566
852,99
852,578
852,697
852,896
852,1042
853,488
853,518
853,680
853,1185
853,1667
853,1917
853,1921
854,883
854,1753
854,1878
855,620
855,639
855,1217
856,1320
856,1489
856,1599
856,1865
857,1565
857,1741
858,216
858,939
859,419
859,762
860,383
860,473
860,604
860,1520
860,1813
861,139
861,308
861,912
862,1040
862,1256
862,1443
862,1551
862,1738
863,30
864,59
864,351
864,818
864,1890
865,111
865,193
865,920
865,1518
865,1800
866,92
866,283
866,535
866,723
866,754
866,814
866,827
866,1559
867,1342
867,1477
867,1605
867,1827
868,411
869,276
869,386
869,429
869,857
869,1164
869,1292
869,1670
869,1674
869,1793
869,1883
870,551
870,1327
870,1521
871,119
871,146
871,404
871,1056
871,1567
871,1752
872,1207
872,1797
872,1905
873,930
873,1202
873,1414
873,1454
873,1498
873,1553
873,1925
874,214
874,687
874,1594
875,586
876,456
876,677
876,958
876,1650
877,382
877,976
877,1056
877,1362
877,1396
877,1523
878,520
878,1260
879,785
879,888
879,1524
880,291
880,1071
880,1246
880,1439
881,636
881,1013
881,1665
881,1667
881,1711
881,1738
882,136
882,154
882,231
882,518
882,812
882,1667
882,1712
882,1725
882,1736
882,1833
882,1921
883,953
883,1602
884,522
884,777
884,784
884,927
884,996
884,1658
884,1724
884,1740
885,208
885,1021
886,18
886,155
886,503
886,873
886,1296
886,1785
887,745
887,943
887,1510
888,879
888,1950
889,398
889,674
889,970
890,560
890,1057
890,1116
890,1304
890,1317
890,1684
891,139
891,1590
892,297
892,1795
893,124
893,1087
894,929
895,198
895,697
895,1535
895,1860
896,207
896,456
896,697
896,882
896,901
897,475
897,789
898,276
898,386
898,869
898,1127
898,1308
898,1310
898,1426
898,1485
898,1668
898,1913
899,51
899,196
899,217
899,465
899,554
899,556
899,735
899,1269
899,1271
899,1884
900,125
900,301
900,450
900,764
900,1254
900,1420
901,99
901,692
901,810
901,841
901,1533
901,1781
902,23
902,156
902,298
902,761
902,900
902,908
902,1103
902,1206
902,1725
902,1785
903,134
903,1321
903,1629
904,148
904,245
905,107
905,305
905,520
906,653
906,1212
906,1675
907,108
907,640
907,1116
907,1304
907,1478
907,1652
908,213
908,450
908,1681
909,36
909,156
909,635
909,1347
909,1420
909,1488
909,1603
910,266
910,610
911,182
911,227
911,236
911,485
911,1070
911,1127
911,1150
911,1160
911,1256
911,1763
912,386
912,553
912,861
912,933
912,1343
912,1503
912,1636
912,1859
912,1886
912,1913
913,545
913,644
913,812
913,873
913,1020
913,1166
913,1361
913,1595
913,1889
913,1925
914,548
914,658
914,668
914,1522
914,1718
915,389
915,430
915,637
915,922
915,925
915,1597
916,413
916,837
916,1041
916,1128
917,260
917,910
917,1485
918,224
918,922
918,925
918,1124
918,1186
918,1192
918,1489
918,1554
918,1660
919,789
919,1521
919,1614
920,578
920,1191
920,1364
920,1470
920,1887
921,93
921,278
921,374
921,933
921,1024
921,1060
921,1260
921,1599
921,1661
921,1829
921,1895
922,430
922,914
922,915
922,918
922,1166
922,1257
922,1690
922,1729
922,1865
922,1887
922,1897
923,1273
923,1604
923,1885
924,337
924,382
924,1545
924,1845
924,1930
925,389
925,430
925,543
925,914
925,915
925,1557
925,1608
925,1786
925,1854
925,1922
926,91
926,916
926,1041
926,1128
927,681
927,747
927,784
927,884
927,1070
927,1509
927,1871
928,487
928,819
928,1328
929,726
930,393
930,853
930,882
930,941
930,994
930,1141
930,1370
930,1921
931,295
931,936
931,1768
932,1400
932,1409
933,272
933,386
933,466
933,682
933,912
933,935
933,937
933,1127
933,1223
934,577
934,1129
934,1194
935,565
935,933
935,1877
936,1952
937,933
937,969
937,1413
937,1429
937,1503
937,1507
937,1534
938,1117
938,1451
939,82
939,884
939,1117
939,1241
939,1781
939,1802
940,374
940,540
940,691
940,747
940,947
941,518
941,1108
941,1607
941,1610
941,1921
942,676
943,146
943,958
943,1220
943,1785
944,1613
944,1667
944,1804
945,1837
946,881
946,1667
947,532
947,747
947,940
947,1308
947,1388
947,1674
948,1890
949,93
949,181
949,233
949,386
949,520
949,589
949,791
949,937
949,1030
949,1253
949,1661
949,1829
950,1251
950,1328
951,239
951,742
951,745
951,1822
952,16
952,413
952,642
952,916
952,1270
953,740
953,883
954,1323
955,982
955,1121
955,1462
956,135
956,552
956,667
957,1113
957,1219
958,692
958,699
958,745
958,862
958,873
958,876
958,943
958,1029
958,1748
959,525
959,1280
960,412
960,481
960,596
961,806
961,1153
961,1539
962,1036
962,1574
963,314
963,376
963,395
963,749
963,1403
963,1738
964,1265
964,1598
964,1641
965,183
965,1046
965,1548
966,223
966,1219
966,1324
966,1598
966,1805
967,231
967,1109
968,780
969,93
969,422
969,444
969,493
969,540
969,921
969,1014
969,1502
969,1507
969,1573
969,1859
970,32
970,398
970,879
970,889
970,913
970,1361
971,1213
971,1587
972,984
972,1548
972,1642
972,1798
973,855
974,480
974,847
974,1077
975,1199
976,382
976,828
976,1220
976,1473
976,1838
977,338
977,368
977,529
977,623
977,1065
977,1420
978,660
978,1157
978,1494
979,939
979,1143
980,149
980,551
980,1712
981,958
981,1498
982,202
982,506
982,1013
982,1370
982,1692
982,1748
983,321
983,976
984,74
984,376
984,547
984,582
984,972
984,1384
984,1888
985,25
985,249
985,499
985,1355
986,1212
986,1481
987,195
988,776
988,871
988,1493
988,1781
989,903
989,958
989,1161
990,303
990,456
990,512
990,1013
990,1167
990,1332
990,1665
990,1738
991,1336
991,1744
992,174
992,311
992,880
992,1265
992,1494
992,1727
992,1926
993,381
993,669
993,1574
994,319
994,423
994,430
994,673
994,797
994,1934
995,463
995,1539
996,590
996,592
996,673
996,785
996,1117
996,1140
996,1193
996,1474
996,1716
997,1265
997,1488
997,1847
998,550
998,655
999,150
999,671
999,1110
999,1805
1000,1265
1001,24
1001,174
1001,697
1001,1344
1001,1460
1001,1905
1001,1926
1001,1928
1002,641
1002,1008
1003,520
1004,1540
1004,1629
1004,1775
1005,88
1005,174
1005,809
1005,1488
1005,1599
1006,296
1006,601
1006,1125
1006,1808
1007,636
1007,1011
1007,1163
1007,1250
1007,1304
1007,1764
1008,1818
1008,1937
1008,1952
1009,852
1009,994
1009,1036
1010,51
1010,164
1010,217
1010,375
1010,1528
1010,1667
1011,200
1011,466
1011,1117
1011,1164
1011,1195
1011,1237
1011,1304
1011,1716
1012,74
1012,1684
1012,1888
1013,595
1013,853
1013,867
1013,1047
1013,1081
1013,1112
1013,1302
1013,1329
1013,1334
1013,1353
1013,1360
1013,1450
1013,1566
1013,1839
1014,73
1014,852
1014,901
1014,1397
1014,1752
1014,1848
1015,77
1015,1490
1016,877
1016,976
1016,983
1017,101
1017,1143
1017,1261
1018,16
1018,231
1018,447
1018,596
1018,642
1018,952
1019,433
1019,787
1019,1437
1020,748
1020,941
1020,1294
1020,1496
1020,1686
1020,1725
1020,1921
1021,306
1022,668
1022,1520
1022,1837
1022,1869
1022,1895
1023,904
1023,1442
1023,1522
1023,1544
1024,374
1024,670
1024,1735
1024,1786
1025,611
1025,1935
1026,536
1026,649
1026,703
1026,1447
1027,1642
1027,1912
1028,529
1028,782
1028,1142
1029,146
1029,803
1029,943
1029,1545
1029,1752
1029,1845
1030,93
1030,392
1030,719
1030,791
1031,423
1031,1326
1031,1838
1032,1447
1033,314
1033,1038
1033,1249
1033,1627
1033,1676
1034,169
1034,285
1034,1135
1034,1162
1034,1519
1034,1732
1035,1601
1036,523
1036,578
1036,702
1036,1437
1036,1574
1037,8
1038,1068
1038,1093
1038,1794
1039,25
1039,208
1039,524
1039,540
1039,682
1039,937
1039,1256
1039,1503
1039,1735
1039,1824
1040,236
1040,1555
1040,1627
1041,388
1041,484
1041,585
1041,926
1041,952
1041,1128
1041,1669
1042,48
1042,99
1042,697
1042,1282
1042,1488
1042,1489
1042,1832
1043,88
1043,150
1043,701
1043,920
1043,1258
1043,1574
1044,203
1044,631
1045,118
1045,126
1045,784
1046,314
1046,874
1047,207
1047,343
1047,742
1047,812
1047,939
1047,1185
1047,1792
1047,1795
1047,1839
1048,642
1048,690
1048,1868
1049,32
1050,613
1050,1375
1051,648
1051,698
1052,10
1052,970
1052,1273
1052,1741
1053,430
1053,1283
1054,289
1054,303
1054,777
1054,990
1054,1211
1054,1510
1054,1724
1055,713
1056,106
1056,229
1056,337
1056,722
1056,871
1056,1474
1056,1525
1056,1551
1057,466
1057,1116
1057,1478
1057,1626
1057,1659
1057,1684
1058,760
1058,1176
1059,105
1060,383
1060,384
1060,386
1060,540
1060,643
1060,846
1060,912
1060,1127
1060,1256
1060,1343
1060,1346
1060,1651
1060,1661
1060,1877
1061,493
1061,540
1061,691
1061,933
1061,1074
1061,1127
1061,1184
1061,1253
1061,1485
1061,1651
1061,1735
1061,1837
1062,776
1062,909
1063,410
1063,606
1063,630
1063,1242
1064,405
1064,605
1065,283
1065,566
1065,909
1065,1584
1066,334
1066,926
1066,1156
1067,814
1067,1584
1068,395
1068,454
1068,797
1069,1247
1070,444
1070,681
1070,911
1070,927
1070,1253
1070,1509
1070,1703
1070,1763
1071,208
1071,278
1071,385
1071,437
1071,880
1071,1005
1071,1246
1071,1924
1072,646
1072,820
1072,1142
1073,649
1074,205
1074,558
1074,1061
1074,1184
1074,1735
1074,1895
1075,134
1075,1609
1075,1827
1076,458
1076,594
1076,1324
1076,1568
1076,1586
1076,1598
1077,480
1077,847
1077,1542
1077,1929
1078,382
1078,976
1078,1473
1078,1833
1079,144
1079,298
1079,439
1079,900
1080,40
1080,92
1080,164
1080,217
1080,554
1080,899
1081,1013
1081,1752
1081,1795
1082,214
1082,519
1082,1007
1082,1478
1082,1774
1083,376
1083,704
1084,1289
1085,1614
1085,1889
1085,1925
1086,218
1087,622
1087,1668
1087,1920
1088,599
1088,1524
1089,351
1089,481
1089,596
1089,800
1089,952
1090,44
1090,483
1090,758
1090,1183
1090,1319
1090,1603
1091,499
1091,898
1091,1735
1092,1423
1093,454
1093,1038
1093,1875
1094,489
1094,853
1094,1048
1094,1846
1094,1934
1095,1590
1095,1617
1096,886
1096,972
1096,1370
1096,1830
1096,1846
1096,1934
1097,869
1097,1292
1097,1759
1098,408
1098,697
1098,901
1098,1123
1099,1238
1099,1829
1100,754
1100,1157
1101,226
1101,507
1101,631
1101,1785
1102,420
1102,692
1102,756
1102,1029
1102,1220
1102,1553
1102,1743
1103,111
1103,150
1103,701
1103,1382
1103,1489
1103,1751
1104,453
1104,460
1104,470
1104,662
1104,1302
1104,1649
1104,1658
1104,1871
1105,1523
1106,479
1106,631
1106,1082
1106,1355
1106,1911
1107,1239
1108,518
1108,748
1108,941
1108,1329
1108,1430
1108,1559
1108,1792
1108,1921
1109,0
1109,967
1109,1637
1110,701
1110,999
1110,1005
1110,1187
1110,1489
1110,1574
1110,1603
1110,1789
1111,29
1111,175
1111,301
1111,752
1111,900
1111,999
1111,1079
1111,1423
1112,162
1112,1013
1112,1155
1112,1440
1112,1711
1113,66
1113,111
1113,612
1114,883
1115,562
1115,1541
1115,1551
1115,1781
1115,1845
1116,158
1116,980
1116,1012
1116,1250
1117,82
1117,145
1117,303
1117,326
1117,328
1117,460
1117,661
1117,777
1117,884
1117,887
1117,1268
1117,1380
1117,1401
1117,1510
1117,1633
1117,1871
1118,424
1118,691
1118,940
1118,970
1118,1426
1118,1651
1119,899
1119,1249
1119,1689
1120,426
1121,692
1121,955
1121,1363
1122,1437
1122,1494
1122,1769
1122,1805
1122,1939
1123,7
1123,852
1123,1014
1124,224
1124,419
1124,507
1124,918
1124,1554
1125,188
1125,783
1125,1039
1125,1262
1125,1268
1125,1724
1126,685
1126,1309
1127,139
1127,258
1127,429
1127,532
1127,540
1127,682
1127,911
1127,912
1127,933
1127,1164
1127,1636
1127,1895
1128,385
1128,764
1128,926
1128,952
1128,1265
1129,1194
1129,1286
1130,32
1130,351
1130,585
1130,1669
1130,1904
1131,668
1131,755
1131,1452
1132,1635
1133,1535
1134,1803
1135,641
1135,1392
1135,1901
1136,1896
1136,1903
1137,696
1138,238
1138,1238
1138,1528
1139,468
1139,976
1139,1328
1140,200
1140,996
1140,1193
1140,1256
1140,1429
1140,1877
1141,627
1141,760
1141,882
1141,1370
1141,1533
1141,1846
1142,254
1142,571
1142,1864
1143,412
1143,774
1143,1211
1143,1510
1143,1521
1144,399
1145,320
1146,559
1146,877
1146,1497
1146,1525
1147,169
1147,1392
1147,1753
1147,1831
1148,745
1148,1523
1148,1825
1149,873
1149,1533
1149,1781
1149,1833
1150,1509
1150,1564
1150,1573
1150,1857
1150,1871
1151,364
1151,1677
1152,696
1152,1162
1152,1826
1153,845
1153,961
1153,1516
1153,1822
1154,689
1154,1388
1154,1644
1155,595
1155,862
1155,1450
1155,1665
1155,1760
1156,882
1156,1066
1156,1722
1157,593
1157,1064
1157,1540
1157,1615
1158,486
1159,532
1159,553
1159,831
1159,933
1159,1127
1159,1659
1160,583
1160,681
1160,1017
1160,1061
1160,1763
1160,1871
1161,756
1161,812
1161,1167
1161,1363
1161,1370
1162,62
1162,539
1162,567
1162,775
1162,1519
1162,1826
1163,1007
1164,286
1164,1007
1164,1011
1164,1074
1164,1127
1164,1253
1164,1304
1164,1346
1164,1356
1164,1883
1165,546
1165,835
1165,1833
1166,781
1166,918
1166,922
1166,1498
1166,1748
1167,106
1167,644
1167,1121
1167,1363
1167,1513
1167,1716
1167,1748
1167,1798
1168,213
1169,850
1169,1643
1170,961
1171,890
1171,1012
1171,1116
1171,1292
1171,1478
1172,817
1172,1093
1172,1875
1173,1826
1174,256
1174,1152
1174,1826
1175,733
1175,1659
1176,109
1176,828
1176,976
1176,1058
1176,1448
1176,1567
1177,770
1177,798
1177,1181
1178,1596
1178,1807
1178,1944
1179,119
1180,1361
1180,1514
1180,1524
1180,1548
1181,570
1181,599
1181,1166
1181,1217
1182,959
1182,1048
1182,1824
1183,111
1183,225
1183,298
1183,536
1183,649
1183,1648
1183,1896
1183,1924
1184,933
1184,1061
1184,1424
1185,358
1185,909
1185,1804
1186,419
1186,705
1186,821
1186,1312
1187,344
1187,1244
1187,1926
1188,455
1189,826
1189,906
1189,1853
1190,1003
1191,920
1192,1554
1192,1608
1192,1718
1192,1874
1193,590
1193,887
1193,996
1193,1125
1193,1341
1193,1548
1193,1552
1193,1604
1193,1658
1193,1724
1194,780
1194,918
1194,986
1194,1286
1194,1461
1194,1618
1195,93
1195,1834
1195,1862
1196,407
1196,1204
1196,1477
1196,1593
1196,1804
1197,314
1197,734
1197,1462
1197,1514
1198,1277
1198,1828
1198,1844
1199,975
1200,1490
1201,1358
1202,803
1202,855
1202,973
1203,353
1203,1677
1203,1890
1204,1196
1205,174
1206,156
1206,407
1206,649
1206,703
1206,772
1206,1136
1206,1347
1206,1896
1207,845
1207,961
1207,1153
1208,28
1208,1267
1208,1281
1209,458
1210,801
1210,816
1210,1408
1210,1606
1211,394
1211,1633
1211,1724
1212,56
1212,65
1212,556
1212,906
1212,922
1212,1023
1212,1385
1212,1391
1212,1822
1213,295
1213,971
1213,1234
1213,1301
1214,329
1214,1623
1215,167
1216,422
1216,675
1217,229
1217,297
1217,337
1217,628
1217,988
1217,1340
1217,1363
1217,1474
1217,1795
1217,1861
1218,161
1218,1504
1219,380
1219,957
1219,1244
1219,1320
1219,1344
1220,207
1220,692
1220,756
1220,976
1220,1176
1220,1496
1220,1514
1220,1667
1220,1723
1220,1743
1221,1154
1221,1736
1222,225
1222,331
1222,1235
1222,1584
1222,1681
1222,1727
1223,182
1223,200
1223,473
1223,797
1223,969
1223,1159
1224,120
1224,184
1224,274
1224,386
1224,429
1224,933
1224,1164
1224,1292
1224,1793
1224,1886
1225,775
1226,109
1226,994
1226,1029
1226,1115
1226,1176
1226,1340
1226,1474
1226,1551
1226,1712
1226,1781
1226,1845
1227,182
1227,418
1227,668
1227,1346
1227,1639
1227,1887
1228,297
1228,1567
1228,1766
1229,1218
1230,21
1230,510
1230,1020
1230,1183
1230,1428
1230,1559
1230,1891
1231,59
1232,320
1232,755
1232,816
1232,1900
1233,834
1233,1279
1234,636
1234,1289
1234,1889
1235,36
1235,86
1235,87
1235,104
1235,144
1235,248
1235,787
1235,813
1235,1098
1235,1111
1236,1397
1236,1761
1237,236
1237,1409
1237,1521
1237,1658
1237,1886
1238,51
1238,164
1238,827
1238,1010
1238,1269
1238,1271
1239,701
1239,1187
1239,1518
1240,520
1241,319
1241,406
1241,469
1241,1430
1241,1462
1241,1781
1242,417
1242,1254
1243,698
1244,577
1244,578
1244,697
1244,801
1245,1403
1245,1521
1245,1665
1245,1693
1246,278
1246,880
1246,1071
1246,1389
1246,1554
1246,1836
1247,1069
1248,606
1248,1142
1249,162
1249,848
1249,1291
1249,1552
1250,158
1250,214
1250,519
1250,1007
1250,1082
1250,1115
1250,1304
1251,341
1251,1331
1252,1778
1253,526
1253,558
1253,589
1253,949
1253,1070
1253,1164
1253,1429
1253,1485
1254,20
1254,258
1254,908
1254,1079
1255,66
1255,1444
1256,289
1256,379
1256,520
1256,524
1256,526
1256,921
1256,1060
1256,1140
1256,1268
1256,1596
1256,1661
1256,1736
1256,1824
1256,1829
1257,1
1257,631
1257,1910
1258,185
1258,1043
1258,1598
1259,1759
1259,1804
1260,152
1260,707
1260,878
1260,921
1260,1125
1260,1351
1261,12
1261,101
1261,226
1261,300
1261,412
1261,751
1261,1143
1261,1510
1262,305
1262,1022
1262,1520
1262,1715
1262,1895
1263,885
1263,1039
1263,1389
1264,207
1264,240
1264,853
1265,926
1265,997
1265,1000
1265,1128
1265,1357
1265,1358
1265,1460
1265,1603
1266,270
1266,389
1266,637
1266,778
1266,940
1266,1544
1267,537
1267,544
1267,1437
1268,289
1268,291
1268,493
1268,520
1268,524
1268,1256
1268,1413
1268,1503
1268,1872
1269,51
1269,196
1269,202
1269,251
1269,743
1269,866
1269,1080
1269,1776
1270,479
1270,768
1270,1018
1270,1189
1271,465
1271,556
1271,706
1271,827
1271,1080
1271,1238
1271,1269
1271,1750
1272,821
1273,1563
1273,1640
1273,1891
1274,433
1274,1344
1275,480
1275,974
1275,1077
1276,455
1277,169
1277,631
1277,1385
1278,932
1278,1542
1278,1582
1279,472
1279,1434
1279,1738
1280,1505
1280,1820
1281,768
1281,1248
1282,1409
1283,235
1283,543
1283,1737
1284,389
1284,1038
1284,1046
1284,1611
1285,642
1286,165
1286,1129
1286,1194
1287,548
1287,1919
1288,1019
1288,1731
1289,1084
1289,1217
1289,1278
1290,1444
1290,1899
1291,861
1291,974
1291,1446
1292,524
1292,582
1292,869
1292,932
1292,1012
1292,1426
1292,1429
1292,1674
1293,812
1293,913
1293,1792
1294,704
1294,748
1294,941
1294,1178
1294,1329
1294,1725
1294,1921
1295,520
1295,524
1295,587
1295,1006
1295,1061
1295,1074
1295,1164
1295,1256
1295,1485
1295,1668
1295,1883
1296,1208
1296,1587
1296,1806
1297,852
1297,1701
1298,260
1298,308
1298,392
1298,1030
1299,804
1299,808
1300,456
1300,1014
1300,1397
1300,1446
1301,1261
1301,1796
1302,783
1302,835
1302,1165
1302,1785
1302,1838
1303,1339
1304,466
1304,1057
1304,1117
1304,1195
1304,1237
1304,1478
1304,1716
1304,1764
1305,124
1305,347
1305,1087
1306,578
1306,1489
1306,1916
1306,1941
1307,1629
1308,898
1308,1502
1308,1668
1309,685
1309,1729
1310,305
1310,421
1310,898
1310,1087
1311,117
1312,328
1312,1221
1312,1450
1312,1678
1313,227
1313,305
1313,386
1313,466
1313,520
1313,1346
1313,1485
1313,1674
1314,289
1314,444
1314,520
1314,583
1314,732
1314,1070
1314,1127
1314,1426
1315,755
1316,869
1316,912
1316,940
1316,1729
1316,1886
1317,890
1317,891
1317,1202
1317,1393
1317,1764
1318,186
1318,334
1319,443
1319,717
1319,1841
1320,304
1320,856
1320,1219
1320,1767
1321,1629
1321,1878
1321,1915
1322,971
1322,1600
1322,1806
1323,954
1324,458
1324,1574
1324,1751
1324,1926
1325,1379
1325,1926
1326,136
1326,273
1326,319
1326,1846
1327,870
1327,1095
1327,1261
1327,1521
1328,1177
1328,1486
1329,284
1329,748
1329,941
1329,1020
1329,1596
1329,1776
1329,1921
1330,171
1330,1176
1330,1498
1330,1522
1330,1552
1330,1833
1331,345
1331,684
1331,878
1331,1197
1332,289
1332,302
1332,583
1332,681
1332,784
1332,860
1332,927
1332,1011
1332,1070
1332,1160
1332,1610
1332,1780
1333,395
1333,1398
1334,976
1334,1013
1334,1360
1334,1496
1334,1545
1334,1738
1334,1845
1335,289
1335,472
1335,671
1335,1198
1335,1394
1335,1725
1336,287
1336,917
1336,1659
1336,1704
1336,1880
1336,1913
1337,757
1337,1711
1338,454
1338,590
1338,1591
1338,1627
1338,1658
1339,577
1339,578
1339,1001
1339,1110
1339,1489
1339,1574
1340,592
1340,1551
1340,1566
1340,1667
1340,1752
1340,1847
1341,205
1341,326
1341,540
1341,1052
1341,1125
1341,1246
1341,1560
1342,448
1342,1196
1343,272
1343,373
1343,565
1343,917
1343,1636
1344,321
1344,529
1344,761
1344,1219
1344,1357
1344,1386
1344,1420
1345,43
1346,466
1346,778
1346,991
1346,1118
1346,1313
1346,1426
1346,1485
1346,1913
1347,288
1347,649
1347,703
1347,1026
1348,158
1349,1828
1350,1234
1350,1402
1350,1791
1351,61
1351,372
1352,1350
1352,1411
1353,469
1353,1013
1353,1047
1353,1220
1353,1384
1353,1785
1354,631
1355,382
1355,877
1355,1106
1356,444
1356,532
1356,969
1356,984
1356,1295
1356,1502
1356,1658
1356,1668
1357,385
1357,1098
1357,1265
1357,1865
1358,1353
1358,1390
1358,1473
1358,1740
1359,211
1359,243
1359,1864
1360,452
1360,990
1360,1013
1360,1155
1360,1167
1360,1365
1360,1665
1361,289
1361,1180
1361,1432
1361,1522
1361,1611
1361,1710
1361,1741
1362,337
1362,497
1362,813
1362,1525
1363,812
1363,882
1363,1167
1363,1217
1363,1667
1363,1723
1363,1839
1364,389
1364,1695
1365,452
1365,728
1365,1676
1366,806
1367,548
1367,1762
1368,821
1368,859
1369,990
1369,1676
1369,1763
1370,393
1370,805
1370,930
1370,955
1370,1161
1370,1846
1371,21
1371,323
1371,659
1372,1433
1373,256
1373,673
1373,1826
1374,785
1374,1548
1374,1739
1375,945
1376,1516
1377,1052
1377,1648
1378,116
1378,550
1378,1652
1379,856
1379,1154
1379,1299
1379,1922
1380,162
1380,289
1380,328
1380,747
1380,996
1380,1017
1380,1054
1380,1193
1380,1633
1380,1658
1380,1716
1380,1819
1381,754
1381,1218
1382,433
1382,1110
1382,1239
1382,1357
1382,1681
1382,1805
1383,710
1383,918
1383,1379
1383,1410
1383,1887
1384,73
1384,239
1384,491
1384,518
1384,1294
1384,1730
1384,1903
1385,48
1385,923
1385,1044
1385,1189
1385,1604
1385,1853
1386,44
1386,144
1386,298
1386,330
1386,439
1386,1103
1386,1488
1387,868
1388,389
1388,637
1388,658
1388,747
1388,806
1388,925
1388,1192
1388,1453
1388,1608
1388,1718
1388,1836
1389,437
1389,573
1389,880
1389,1071
1389,1554
1390,593
1390,1767
1391,389
1391,804
1391,1186
1392,486
1392,1158
1392,1831
1393,803
1393,855
1394,121
1395,736
1395,1767
1396,337
1396,352
1396,492
1396,813
1396,877
1396,1235
1397,697
1397,1591
1397,1609
1398,395
1398,1333
1399,122
1399,472
1400,10
1400,1401
1401,1400
1401,1763
1401,1780
1401,1927
1402,1407
1402,1796
1403,532
1403,963
1403,1245
1403,1627
1404,1614
1405,161
1405,551
1405,1685
1406,851
1406,1664
1407,457
1408,96
1408,141
1408,159
1408,716
1408,1705
1409,139
1409,587
1409,1224
1409,1237
1409,1913
1410,432
1410,1489
1410,1887
1411,1352
1412,263
1413,25
1413,93
1413,305
1413,444
1413,860
1413,1426
1413,1799
1414,339
1414,674
1414,913
1414,1293
1414,1686
1415,1383
1415,1517
1415,1687
1415,1887
1416,816
1417,1319
1418,1506
1418,1806
1419,30
1420,566
1420,900
1420,909
1420,992
1420,1103
1420,1868
1421,504
1422,700
1423,458
1423,697
1424,275
1425,1523
1426,493
1426,898
1426,910
1426,911
1426,935
1426,1007
1426,1013
1426,1413
1426,1509
1427,1707
1428,82
1428,654
1428,699
1428,884
1428,1081
1428,1725
1428,1802
1429,200
1429,473
1429,485
1429,937
1429,1253
1429,1502
1430,714
1430,982
1431,830
1431,921
1432,972
1432,1361
1432,1798
1432,1899
1433,1157
1434,224
1434,648
1434,1245
1434,1279
1434,1634
1435,651
1435,1023
1436,1408
1437,332
1437,646
1437,1005
1437,1689
1438,452
1438,817
1439,849
1439,1470
1439,1756
1440,636
1440,644
1440,881
1440,1013
1440,1112
1440,1360
1440,1665
1441,340
1441,718
1441,1906
1442,622
1442,1506
1442,1791
1443,468
1443,589
1443,1555
1443,1839
1444,563
1444,726
1444,1761
1445,516
1446,11
1446,456
1446,587
1446,1014
1446,1848
1447,267
1447,1136
1447,1183
1447,1408
1447,1605
1448,562
1448,1355
1449,336
1449,644
1449,1183
1449,1206
1449,1733
1449,1916
1450,449
1450,595
1450,881
1450,990
1450,1716
1451,303
1451,938
1451,996
1451,1070
1451,1117
1451,1140
1451,1509
1451,1533
1451,1646
1451,1658
1451,1871
1452,1655
1452,1688
1453,1082
1453,1335
1453,1830
1453,1840
1454,398
1454,1498
1455,337
1455,402
1455,414
1455,976
1455,1066
1456,1904
1457,1045
1457,1765
1458,684
1459,1176
1459,1633
1459,1752
1459,1861
1460,703
1460,1265
1460,1494
1461,226
1461,322
1461,628
1462,233
1462,469
1462,770
1462,982
1462,1161
1462,1197
1462,1514
1462,1545
1462,1552
1462,1564
1463,913
1463,930
1463,1414
1463,1792
1464,403
1464,423
1464,770
1464,1047
1464,1300
1464,1662
1465,289
1465,949
1465,1060
1465,1127
1465,1256
1465,1791
1465,1936
1466,281
1466,906
1466,1312
1466,1434
1467,379
1467,428
1467,846
1468,113
1468,392
1468,524
1468,526
1468,589
1468,860
1468,935
1468,969
1468,1253
1468,1413
1468,1426
1469,934
1469,939
1469,1256
1470,235
1470,755
1470,815
1470,1131
1470,1554
1471,881
1472,1951
1473,86
1473,813
1473,976
1473,1078
1473,1098
1473,1235
1473,1805
1473,1823
1474,229
1474,673
1474,699
1474,855
1474,996
1474,1056
1474,1167
1474,1217
1474,1363
1474,1748
1474,1752
1475,250
1475,1114
1475,1901
1476,1635
1476,1678
1476,1887
1477,406
1477,867
1477,1508
1478,1007
1478,1057
1478,1082
1478,1164
1478,1250
1478,1304
1479,1860
1480,48
1480,106
1480,423
1480,1698
1480,1781
1480,1830
1481,1154
1481,1644
1481,1815
1482,1250
1482,1348
1483,744
1484,230
1484,1579
1485,276
1485,386
1485,670
1485,682
1485,1024
1485,1118
1485,1346
1485,1674
1485,1715
1485,1717
1486,0
1486,237
1486,349
1486,633
1486,1328
1487,1599
1487,1630
1487,1828
1488,44
1488,49
1488,50
1488,225
1488,248
1488,761
1488,764
1488,1005
1488,1494
1488,1727
1489,306
1489,523
1489,806
1489,856
1489,999
1489,1076
1489,1122
1489,1306
1489,1344
1489,1530
1489,1598
1489,1613
1490,0
1490,319
1490,667
1490,756
1490,1493
1491,1466
1492,669
1492,1110
1492,1630
1493,522
1493,1490
1493,1566
1493,1667
1493,1698
1493,1736
1493,1857
1494,523
1494,578
1494,764
1494,1110
1494,1460
1494,1488
1495,696
1495,1174
1495,1504
1496,621
1496,699
1496,812
1496,943
1497,671
1497,992
1498,913
1498,958
1498,1161
1498,1166
1498,1293
1499,416
1499,1918
1500,106
1500,595
1500,644
1500,1450
1501,902
1501,928
1501,1785
1501,1894
1502,444
1502,949
1502,969
1502,1295
1502,1308
1502,1429
1503,444
1503,480
1503,520
1503,540
1503,682
1503,912
1503,921
1503,1039
1503,1256
1503,1268
1503,1661
1503,1729
1503,1886
1504,1218
1504,1495
1505,1280
1506,525
1506,1442
1507,215
1507,249
1507,501
1507,581
1507,933
1508,267
1508,510
1508,711
1509,289
1509,583
1509,777
1509,1160
1509,1426
1509,1658
1510,101
1510,162
1510,289
1510,783
1510,1261
1510,1401
1510,1604
1510,1610
1510,1716
1510,1724
1510,1780
1511,1758
1511,1919
1512,427
1513,812
1513,1363
1513,1524
1513,1710
1513,1792
1514,391
1514,639
1514,654
1514,757
1514,1180
1514,1453
1514,1552
1514,1663
1515,824
1516,1713
1516,1758
1516,1933
1517,259
1517,609
1517,1367
1517,1415
1517,1787
1518,701
1518,856
1518,1603
1518,1800
1518,1866
1518,1870
1519,256
1519,811
1519,1901
1520,386
1520,429
1520,912
1520,1164
1520,1565
1520,1757
1521,101
1521,162
1521,661
1521,751
1521,870
1521,919
1521,1330
1521,1724
1522,1013
1522,1414
1522,1662
1522,1710
1522,1743
1522,1817
1523,307
1523,382
1523,976
1523,1148
1524,398
1524,785
1524,970
1524,1052
1524,1193
1524,1361
1525,323
1525,1056
1525,1362
1525,1886
1526,1039
1526,1936
1527,795
1527,1060
1527,1791
1527,1886
1528,164
1528,735
1528,866
1528,1010
1528,1080
1528,1138
1528,1238
1529,942
1530,865
1530,1651
1531,21
1531,62
1531,1580
1532,457
1533,393
1533,518
1533,930
1533,996
1533,1405
1533,1522
1533,1567
1533,1663
1533,1781
1533,1833
1533,1845
1533,1912
1534,974
1534,1077
1535,794
1535,895
1535,1746
1536,730
1536,999
1536,1586
1537,910
1537,1343
1537,1526
1537,1715
1537,1757
1538,843
1538,885
1539,995
1539,1758
1539,1933
1540,1004
1540,1615
1541,377
1541,1115
1542,1582
1542,1620
1543,505
1544,389
1544,624
1544,637
1544,755
1544,806
1544,1557
1544,1718
1545,1029
1545,1167
1545,1205
1545,1220
1545,1334
1545,1752
1546,834
1546,1838
1547,704
1547,1044
1547,1632
1548,858
1548,1623
1548,1652
1548,1891
1549,415
1549,1053
1549,1309
1550,417
1550,1433
1551,297
1551,401
1551,589
1551,620
1551,1056
1551,1667
1551,1752
1551,1901
1552,233
1552,812
1552,1193
1552,1452
1552,1498
1552,1610
1552,1724
1553,316
1553,1631
1554,195
1554,629
1554,686
1554,755
1554,1131
1554,1192
1554,1246
1555,1040
1555,1443
1556,509
1556,632
1556,1198
1556,1574
1557,1023
1557,1946
1558,143
1558,399
1558,1380
1559,406
1559,807
1559,866
1559,1372
1559,1607
1559,1792
1560,181
1560,732
1560,1125
1561,50
1561,1311
1561,1583
1562,758
1563,654
1563,1517
1563,1931
1563,1943
1564,398
1564,896
1564,1241
1564,1293
1564,1595
1564,1611
1564,1650
1564,1662
1564,1792
1564,1839
1565,386
1565,553
1565,857
1565,1520
1565,1757
1566,518
1566,628
1566,851
1566,1340
1566,1474
1566,1551
1566,1667
1566,1748
1566,1752
1566,1889
1567,464
1567,770
1567,798
1567,828
1567,976
1567,1056
1567,1795
1567,1840
1568,523
1568,578
1568,993
1568,1260
1568,1769
1569,1194
1570,456
1570,873
1571,864
1571,1669
1571,1833
1572,108
1572,1082
1572,1478
1572,1482
1572,1930
1573,236
1573,1070
1573,1336
1573,1426
1573,1509
1573,1871
1574,223
1574,332
1574,523
1574,682
1574,809
1574,856
1574,993
1574,1043
1574,1076
1574,1344
1574,1556
1574,1598
1574,1769
1574,1773
1575,237
1575,667
1575,1490
1576,1800
1577,1784
1578,414
1578,1809
1579,328
1579,1369
1580,486
1580,1585
1580,1801
1581,867
1582,32
1582,1192
1582,1757
1583,21
1583,29
1583,544
1583,1733
1583,1868
1584,104
1584,900
1584,992
1584,1067
1585,62
1585,486
1585,539
1585,1392
1586,152
1586,632
1586,865
1586,999
1586,1001
1586,1036
1586,1076
1586,1306
1586,1598
1586,1603
1587,636
1587,1007
1588,1373
1588,1406
1588,1673
1588,1901
1589,247
1589,1137
1590,1035
1590,1095
1591,1658
1591,1763
1591,1802
1591,1833
1592,646
1592,1113
1592,1828
1593,822
1593,1109
1593,1477
1594,96
1594,425
1594,1046
1595,570
1595,817
1595,1040
1595,1555
1595,1725
1595,1839
1595,1894
1596,1256
1596,1294
1596,1680
1596,1725
1597,749
1597,755
1597,925
1597,1470
1597,1544
1598,523
1598,577
1598,966
1598,1244
1598,1306
1598,1489
1598,1926
1599,384
1599,682
1599,921
1599,1006
1599,1190
1599,1560
1600,1305
1600,1407
1601,1035
1602,292
1602,599
1602,628
1602,883
1602,1196
1602,1738
1603,301
1603,909
1603,1050
1603,1518
1603,1681
1603,1866
1604,704
1604,996
1604,1193
1604,1653
1604,1724
1605,1206
1605,1493
1605,1529
1606,773
1606,1210
1606,1538
1607,35
1607,510
1607,1648
1607,1686
1608,603
1608,1476
1608,1718
1608,1789
1608,1797
1608,1854
1608,1922
1609,1693
1609,1795
1610,453
1610,460
1610,1117
1610,1552
1610,1658
1610,1716
1610,1724
1610,1736
1610,1780
1610,1781
1610,1921
1611,628
1611,903
1611,1361
1611,1779
1612,897
1612,935
1612,1011
1612,1127
1612,1636
1613,1366
1613,1388
1613,1657
1614,1033
1614,1889
1615,494
1615,1004
1616,928
1616,1796
1617,116
1617,1883
1617,1888
1618,1185
1618,1596
1618,1887
1619,542
1620,1027
1620,1582
1621,1767
1622,150
1622,849
1622,1836
1623,145
1623,984
1623,1548
1623,1698
1623,1857
1624,1601
1624,1643
1624,1915
1625,292
1625,1459
1625,1474
1625,1752
1626,1082
1626,1250
1626,1572
1627,674
1627,805
1627,870
1627,939
1627,1739
1627,1839
1628,1267
1629,903
1629,1321
1629,1615
1630,1487
1630,1825
1631,1442
1631,1553
1632,912
1632,1429
1632,1547
1633,777
1633,834
1633,1117
1633,1380
1633,1521
1633,1524
1633,1642
1634,170
1634,834
1634,1177
1634,1461
1635,1283
1636,275
1636,373
1636,565
1636,587
1636,912
1637,0
1637,478
1637,1893
1638,906
1638,1376
1638,1385
1639,47
1639,1284
1639,1335
1639,1937
1640,63
1640,706
1640,970
1640,1273
1640,1825
1641,1208
1642,563
1642,590
1642,640
1642,1552
1642,1610
1642,1716
1643,850
1644,1097
1645,365
1645,563
1646,1015
1646,1338
1646,1577
1647,736
1647,1215
1647,1528
1648,367
1648,644
1648,1183
1648,1777
1649,440
1649,522
1649,1685
1650,628
1650,981
1650,1611
1650,1721
1650,1748
1650,1839
1651,429
1651,558
1651,921
1651,1060
1651,1164
1651,1253
1651,1735
1651,1913
1652,907
1652,1374
1653,1582
1653,1604
1654,556
1654,659
1654,672
1654,1271
1654,1844
1655,1437
1656,1512
1656,1765
1657,1613
1657,1767
1658,289
1658,927
1658,996
1658,1193
1658,1356
1658,1451
1658,1610
1658,1646
1659,184
1659,553
1659,1159
1659,1175
1659,1292
1659,1636
1659,1703
1659,1895
1660,1784
1661,278
1661,540
1661,682
1661,1634
1661,1808
1662,1330
1662,1522
1662,1564
1663,479
1663,1533
1663,1712
1663,1921
1664,766
1665,108
1665,595
1665,881
1665,990
1665,1327
1665,1716
1665,1785
1665,1927
1666,174
1667,38
1667,292
1667,589
1667,592
1667,627
1667,628
1667,790
1667,996
1667,1010
1667,1075
1667,1256
1667,1333
1667,1340
1667,1363
1667,1551
1667,1595
1667,1712
1667,1725
1668,524
1668,687
1668,1087
1668,1308
1668,1735
1669,91
1669,351
1669,447
1669,596
1669,1041
1669,1130
1670,633
1671,1242
1672,168
1673,1588
1673,1639
1674,305
1674,386
1674,831
1674,869
1674,1070
1674,1292
1674,1356
1674,1485
1674,1668
1674,1735
1674,1895
1675,434
1675,693
1675,1189
1675,1249
1675,1952
1676,425
1676,808
1676,1249
1676,1360
1676,1369
1676,1716
1677,678
1677,1281
1678,17
1678,328
1678,329
1678,531
1678,1312
1678,1569
1678,1846
1679,416
1680,518
1680,546
1680,941
1680,1650
1680,1723
1680,1903
1680,1912
1680,1921
1681,450
1681,492
1681,523
1681,578
1681,908
1681,1001
1681,1050
1681,1382
1681,1488
1681,1497
1682,1758
1682,1919
1683,48
1683,182
1683,719
1684,108
1684,158
1684,466
1684,640
1684,1007
1684,1250
1684,1304
1684,1572
1685,119
1685,589
1685,592
1685,1181
1685,1363
1685,1474
1685,1480
1685,1551
1685,1649
1685,1723
1685,1725
1685,1785
1685,1881
1686,812
1686,1081
1686,1607
1686,1611
1686,1785
1686,1792
1686,1916
1687,915
1687,1737
1687,1787
1687,1882
1688,766
1688,1691
1689,1384
1690,90
1690,563
1690,1178
1691,349
1691,1759
1692,61
1692,644
1692,982
1692,1903
1693,1609
1694,1130
1694,1203
1694,1890
1695,1249
1696,1583
1697,204
1697,652
1697,820
1697,1072
1698,109
1698,229
1698,233
1698,394
1698,756
1698,1474
1698,1480
1698,1493
1698,1685
1698,1708
1698,1711
1698,1830
1698,1912
1699,1742
1700,183
1700,756
1700,982
1700,1241
1700,1363
1700,1743
1700,1859
1701,1186
1702,767
1702,877
1702,1216
1703,287
1703,386
1703,681
1703,860
1703,912
1703,933
1703,1070
1703,1160
1703,1184
1703,1346
1703,1659
1703,1871
1704,184
1704,272
1704,276
1704,361
1704,1346
1704,1409
1704,1485
1704,1735
1704,1837
1704,1913
1705,1583
1706,422
1706,1836
1707,1427
1708,1228
1708,1698
1708,1752
1709,382
1709,924
1709,1220
1709,1448
1709,1845
1710,1414
1710,1522
1710,1741
1710,1792
1710,1893
1711,881
1711,886
1711,1013
1711,1337
1711,1474
1711,1533
1711,1857
1711,1861
1711,1875
1712,319
1712,518
1712,882
1712,1014
1712,1667
1712,1725
1713,806
1713,1851
1713,1933
1713,1944
1714,1301
1714,1642
1715,1262
1715,1438
1715,1886
1716,636
1716,661
1716,747
1716,990
1716,996
1716,1011
1716,1013
1716,1401
1716,1500
1716,1610
1716,1642
1716,1724
1716,1780
1716,1785
1717,683
1717,739
1717,1764
1718,425
1718,658
1718,1388
1718,1597
1718,1874
1719,149
1719,1892
1720,1865
1721,1250
1721,1626
1722,464
1722,1827
1723,109
1723,1046
1723,1680
1723,1764
1723,1781
1724,303
1724,661
1724,783
1724,884
1724,1380
1724,1401
1724,1459
1724,1510
1724,1521
1724,1633
1725,38
1725,246
1725,589
1725,882
1725,883
1725,902
1725,1020
1725,1595
1725,1894
1726,468
1726,1736
1727,29
1727,36
1727,451
1727,708
1727,764
1727,1222
1727,1488
1728,409
1728,1204
1729,710
1729,922
1729,1503
1729,1640
1729,1825
1729,1886
1730,393
1730,1384
1730,1750
1730,1822
1731,1839
1731,1934
1732,811
1732,1135
1733,64
1733,545
1733,782
1733,1386
1733,1583
1733,1832
1734,1914
1735,386
1735,1022
1735,1295
1735,1485
1735,1590
1735,1668
1735,1674
1735,1895
1736,393
1736,1256
1736,1302
1736,1362
1736,1493
1736,1833
1737,915
1737,925
1737,1192
1737,1476
1737,1718
1737,1854
1737,1887
1738,881
1738,1167
1738,1279
1738,1334
1738,1541
1738,1716
1739,472
1740,81
1740,1226
1740,1329
1741,398
1741,518
1741,674
1741,857
1741,913
1741,1020
1741,1400
1741,1792
1741,1925
1742,1029
1742,1226
1742,1845
1743,156
1743,803
1743,1202
1743,1363
1743,1522
1743,1742
1743,1845
1744,419
1744,762
1745,0
1745,1694
1746,208
1746,278
1746,437
1746,446
1746,463
1746,880
1746,1263
1747,796
1748,876
1748,913
1748,1013
1748,1047
1748,1414
1748,1498
1748,1522
1748,1700
1748,1807
1748,1859
1748,1889
1749,351
1749,447
1749,1669
1750,292
1750,706
1750,750
1750,944
1750,1192
1750,1654
1751,1554
1751,1574
1751,1702
1752,38
1752,119
1752,292
1752,627
1752,628
1752,673
1752,756
1752,996
1752,1141
1752,1545
1752,1551
1752,1623
1752,1781
1752,1833
1753,1196
1754,822
1755,501
1755,575
1755,581
1755,604
1756,1246
1756,1746
1757,129
1757,272
1757,610
1757,1520
1758,449
1758,1511
1758,1539
1759,1097
1759,1864
1760,756
1760,797
1760,1337
1761,648
1761,1444
1762,548
1762,1367
1763,289
1763,302
1763,303
1763,583
1763,747
1763,860
1763,911
1763,927
1763,1070
1763,1369
1763,1401
1763,1552
1763,1579
1763,1724
1763,1780
1764,550
1764,890
1764,1007
1764,1060
1764,1082
1764,1451
1764,1478
1764,1872
1764,1883
1765,1457
1765,1940
1766,1228
1767,824
1767,1647
1767,1657
1767,1804
1768,1602
1769,152
1769,346
1769,586
1769,1489
1769,1556
1769,1574
1769,1926
1770,1319
1771,1034
1771,1732
1771,1831
1772,391
1772,941
1772,1038
1772,1514
1772,1861
1773,675
1773,1107
1773,1706
1774,1011
1774,1250
1774,1572
1775,1281
1776,270
1776,506
1776,735
1776,748
1776,1896
1776,1935
1777,1845
1778,1197
1778,1252
1778,1501
1779,507
1779,762
1779,821
1780,244
1780,747
1780,996
1780,1054
1780,1193
1780,1304
1780,1604
1780,1724
1781,12
1781,988
1781,1115
1781,1480
1781,1533
1781,1723
1782,797
1782,1582
1783,1883
1784,1397
1784,1660
1785,533
1785,1013
1785,1174
1785,1405
1785,1450
1785,1501
1785,1665
1785,1667
1785,1726
1785,1731
1786,922
1786,1024
1786,1212
1787,63
1787,856
1787,1517
1788,176
1788,669
1789,543
1789,1681
1789,1737
1790,34
1791,527
1791,549
1791,579
1791,1213
1791,1273
1791,1402
1791,1506
1791,1527
1791,1631
1791,1728
1791,1889
1792,518
1792,817
1792,989
1792,1197
1792,1293
1792,1564
1792,1650
1792,1710
1793,788
1793,1729
1794,729
1794,1698
1795,1014
1795,1081
1795,1141
1795,1353
1795,1609
1796,1213
1796,1616
1797,1640
1797,1675
1797,1822
1797,1897
1798,149
1798,742
1798,1432
1798,1830
1799,305
1799,435
1800,320
1800,865
1800,1815
1801,62
1801,256
1801,1580
1802,784
1802,819
1802,901
1802,939
1802,1117
1802,1428
1802,1610
1802,1724
1803,354
1803,486
1803,1258
1803,1309
1803,1801
1804,419
1804,762
1804,1185
1804,1618
1804,1779
1805,55
1805,385
1805,1001
1805,1005
1805,1122
1805,1592
1805,1926
1806,1296
1806,1350
1806,1402
1806,1791
1807,38
1807,599
1807,1178
1807,1370
1807,1428
1807,1511
1807,1654
1807,1712
1807,1750
1807,1752
1808,288
1808,552
1808,682
1808,856
1808,1006
1808,1071
1808,1661
1809,1670
1810,933
1810,1336
1811,554
1811,1511
1811,1752
1812,1187
1812,1320
1812,1791
1813,560
1813,1295
1813,1668
1814,490
1814,657
1814,921
1814,1295
1814,1936
1815,865
1815,1586
1815,1905
1816,697
1816,841
1816,1795
1817,1522
1818,436
1818,1933
1819,661
1819,1380
1820,556
1820,688
1820,735
1820,1280
1820,1621
1821,642
1822,1797
1822,1818
1823,327
1823,1765
1824,1039
1824,1256
1824,1838
1825,1148
1825,1630
1825,1640
1826,584
1826,1174
1826,1373
1827,823
1827,867
1827,1785
1827,1934
1828,1198
1828,1556
1828,1702
1828,1900
1829,278
1829,502
1829,1071
1829,1256
1830,136
1830,742
1830,810
1830,1197
1830,1300
1830,1480
1830,1840
1831,62
1831,256
1831,1135
1832,64
1832,270
1832,1765
1833,73
1833,812
1833,882
1833,1141
1833,1522
1833,1533
1834,1164
1834,1195
1835,1794
1836,1388
1836,1706
1837,1061
1837,1184
1837,1880
1837,1886
1837,1895
1838,976
1838,1031
1838,1302
1839,1166
1839,1564
1839,1595
1839,1605
1839,1650
1839,1680
1839,1721
1840,468
1840,1493
1840,1781
1840,1830
1841,100
1841,1770
1842,279
1843,599
1843,1218
1843,1752
1843,1875
1844,121
1844,671
1844,816
1844,872
1844,1850
1845,420
1845,699
1845,924
1845,1029
1845,1355
1845,1742
1845,1743
1846,166
1846,221
1846,339
1846,382
1846,393
1846,456
1846,760
1846,853
1846,1096
1846,1129
1846,1305
1846,1779
1846,1795
1847,756
1847,790
1847,1474
1848,99
1848,394
1848,456
1848,1397
1848,1446
1849,1863
1850,341
1850,1678
1850,1828
1850,1879
1850,1900
1851,1539
1851,1933
1852,454
1852,1558
1853,286
1853,507
1853,1189
1853,1675
1854,543
1854,652
1854,747
1854,925
1854,1023
1854,1266
1854,1415
1854,1863
1855,503
1856,1006
1857,988
1857,1149
1857,1711
1858,1526
1858,1659
1859,515
1859,520
1859,643
1859,937
1859,969
1859,1060
1859,1127
1859,1507
1859,1667
1859,1857
1860,137
1860,381
1861,1217
1861,1711
1861,1772
1862,170
1862,322
1862,1834
1863,389
1863,1081
1863,1902
1864,992
1864,1097
1865,856
1865,1919
1866,813
1866,1357
1866,1905
1867,1915
1868,1048
1868,1583
1869,386
1869,1022
1869,1024
1869,1091
1869,1313
1869,1735
1870,1518
1870,1622
1871,289
1871,583
1871,927
1871,990
1871,1061
1871,1160
1871,1552
1871,1610
1871,1645
1871,1658
1871,1724
1872,25
1872,949
1872,996
1872,1295
1872,1314
1872,1764
1874,787
1874,1687
1874,1918
1875,1013
1875,1112
1875,1566
1876,1252
1877,25
1877,373
1877,386
1877,520
1877,682
1877,935
1877,937
1877,1127
1877,1659
1878,1321
1878,1566
1878,1602
1878,1712
1879,341
1879,507
1879,1124
1880,558
1880,1651
1880,1895
1880,1913
1881,876
1881,1363
1882,543
1882,922
1882,1687
1882,1887
1882,1900
1883,519
1883,687
1883,1393
1883,1651
1883,1764
1884,465
1884,554
1884,706
1884,743
1884,1238
1884,1269
1884,1750
1884,1776
1885,753
1885,923
1885,1547
1886,846
1886,869
1886,1159
1886,1184
1886,1237
1886,1409
1886,1525
1886,1565
1886,1658
1886,1659
1886,1715
1886,1913
1887,235
1887,430
1887,543
1887,849
1887,922
1887,1192
1887,1470
1887,1476
1887,1618
1887,1639
1887,1850
1887,1922
1888,640
1888,984
1889,879
1889,913
1889,1085
1889,1564
1889,1748
1889,1791
1889,1921
1889,1925
1890,339
1890,768
1890,1130
1890,1203
1891,602
1891,1428
1891,1485
1891,1623
1892,725
1892,1552
1893,867
1893,1629
1894,761
1894,915
1894,1458
1895,205
1895,305
1895,424
1895,553
1895,668
1895,670
1895,898
1895,1022
1895,1024
1895,1027
1895,1164
1895,1262
1895,1636
1895,1735
1895,1869
1895,1880
1895,1886
1896,913
1896,1108
1896,1206
1896,1230
1896,1776
1897,577
1897,922
1897,1244
1897,1905
1898,1005
1898,1265
1899,698
1899,1290
1900,872
1900,1210
1900,1277
1900,1850
1901,574
1901,811
1901,1135
1901,1519
1901,1732
1902,1144
1903,518
1903,941
1903,1329
1903,1566
1903,1596
1903,1680
1903,1741
1904,746
1905,578
1905,1489
1905,1598
1905,1939
1906,953
1906,1769
1906,1938
1907,1145
1907,1325
1908,175
1909,1843
1910,365
1911,1713
1911,1758
1912,242
1912,1027
1912,1301
1912,1781
1913,898
1913,912
1913,1164
1913,1651
1913,1704
1913,1895
1914,1734
1915,340
1916,44
1916,283
1916,298
1916,545
1916,754
1916,902
1916,1026
1916,1183
1916,1449
1916,1648
1916,1733
1916,1896
1917,9
1917,237
1917,489
1917,1264
1918,1645
1919,477
1919,1682
1919,1758
1920,1356
1920,1860
1921,157
1921,518
1921,930
1921,1663
1921,1680
1921,1917
1922,915
1922,1549
1922,1554
1922,1854
1923,1893
1924,258
1924,1036
1924,1071
1924,1183
1925,398
1925,873
1925,970
1925,1361
1925,1524
1925,1680
1926,697
1926,966
1926,992
1926,1187
1926,1489
1926,1598
1926,1928
1927,1155
1927,1665
1927,1791
1928,1001
1928,1339
1928,1939
1929,974
1929,1275
1929,1483
1930,420
1930,924
1930,1007
1930,1764
1931,826
1932,128
1932,236
1932,424
1932,643
1932,1674
1933,1325
1933,1511
1933,1516
1933,1539
1933,1851
1934,333
1934,518
1934,994
1934,1196
1934,1667
1934,1846
1934,1938
1935,85
1935,291
1935,535
1935,1776
1935,1884
1936,540
1936,949
1936,1503
1936,1599
1936,1659
1936,1683
1937,310
1937,893
1937,1639
1938,1307
1938,1915
1938,1934
1939,578
1939,1001
1939,1110
1939,1489
1939,1574
1939,1613
1939,1905
1940,77
1941,33
1941,1423
1941,1894
1941,1916
1942,1237
1942,1620
1942,1886
1943,425
1943,452
1943,1172
1943,1676
1944,1391
1944,1481
1944,1822
1945,1058
1946,747
1946,915
1946,925
1946,1476
1946,1557
1946,1922
1947,130
1947,314
1947,376
1947,1033
1947,1403
1948,65
1948,507
1948,634
1948,872
1948,1494
1948,1497
1948,1850
1949,536
1949,644
1949,1026
1949,1183
1949,1692
1950,204
1950,293
1950,398
1950,674
1950,913
1950,1241
1950,1293
1950,1498
1950,1607
1950,1648
1950,1685
1950,1839
1950,1896
1950,1903
1951,1705
1952,936
1952,1008
